{
    "Gtubybi": 4036.0,
    "Qou@egy": 58934.0,
    "Lnocipe": 131441.2183989381,
    "Odyjyhu": 110277.258171456,
    "S@ymy?i": 305814.2650135711,
    "Ahuloju": 4036.0,
    "C@ulife": 58934.0,
    "Qeu?ato": 131441.2183989381,
    "Efekybo": 110277.258171456,
    "C@ikome": 305814.2650135711
}