{
    "Doo>upy": 25535.0,
    "Gkece>e": 22902.0,
    "Mcotije": 318637.837828001,
    "Cnygooa": 833137.668746076,
    "@@oioii": 32619.0,
    "Mougity": 25535.0,
    "R?egyby": 22902.0,
    "?leiiiu": 318637.837828001,
    "Bookumo": 833137.668746076,
    "Csiqaii": 32619.0
}